업종명,업소명,소재지(도로명),소재지(지번),소재지전화
유흥주점영업,현대실내포장,부산광역시 부산진구 부전로152번길 49 (부전동),부산광역시 부산진구 부전동 264-4 ,
유흥주점영업,운동회노래주점,"부산광역시 부산진구 부전로20번길 14 (부전동,,21 (2층))","부산광역시 부산진구 부전동 522-24 ,21 (2층) ",051 -819 -8861
유흥주점영업,록원가요방,부산광역시 부산진구 서면문화로5번길 3 (부전동),부산광역시 부산진구 부전동 486-22 , 051- 818-6852
유흥주점영업,비타민포장센타,부산광역시 부산진구 새싹로8번길 29 (부전동),부산광역시 부산진구 부전동 263-25 , 051- 818-6777
유흥주점영업,동경,"부산광역시 부산진구 서면문화로 7, 지하1층 (부전동)",부산광역시 부산진구 부전동 475-1 , 051- 805-8212
유흥주점영업,모아,"부산광역시 부산진구 부전로152번길 37, 지하1층 (부전동)",부산광역시 부산진구 부전동 351-15 지하1층 , 051- 808-3339
유흥주점영업,범냇골 포장센타,부산광역시 부산진구 중앙대로 611 (범천동),부산광역시 부산진구 범천동 870-21 , 051- 642-4784
유흥주점영업,밀크보이,부산광역시 부산진구 중앙대로691번길 5 (부전동),부산광역시 부산진구 부전동 241-38 , 051- 803-9200
유흥주점영업,황소,부산광역시 부산진구 새싹로 130-8 (부암동),부산광역시 부산진구 부암동 15-23 ,
유흥주점영업,오션라이브바(LiveBar),"부산광역시 부산진구 중앙대로691번길 42, 지하1층 (부전동)",부산광역시 부산진구 부전동 520-23 지하1층 ,
유흥주점영업,땡큐,"부산광역시 부산진구 골드테마길 34, 지하1층 (범천동)",부산광역시 부산진구 범천동 845-9 (지하1층) ,051 -638 -0693
유흥주점영업,뉴썬파워포장센타,부산광역시 부산진구 중앙대로743번길 17 (부전동),부산광역시 부산진구 부전동 262-4 ,
유흥주점영업,금호노래주점,부산광역시 부산진구 서면문화로5번길 20 (부전동),부산광역시 부산진구 부전동 475-21 ,051 -807 -9222
유흥주점영업,한가락노래주점,부산광역시 부산진구 서전로9번길 18 (부전동),부산광역시 부산진구 부전동 117-3 , 051- 809-7912
유흥주점영업,자이안트,부산광역시 부산진구 부전로96번길 36 (부전동),부산광역시 부산진구 부전동 475-12 , 051- 808-7996
유흥주점영업,레드,부산광역시 부산진구 당감로 62 (당감동),부산광역시 부산진구 당감동 320-15 ,051 -897 -5393
유흥주점영업,온라인가라오케,부산광역시 부산진구 새싹로 20-1 (부전동),부산광역시 부산진구 부전동 396-8 ,
유흥주점영업,바운스,부산광역시 부산진구 서면문화로5번길 15 (부전동),부산광역시 부산진구 부전동 486-25 , 051- 803-4055
유흥주점영업,포차혼술남녀,부산광역시 부산진구 중앙대로680번가길 11-8 (부전동),부산광역시 부산진구 부전동 205-4 , 051- 806-1440
유흥주점영업,에루화,부산광역시 부산진구 중앙대로 714-1 (부전동),부산광역시 부산진구 부전동 158-9 ,
유흥주점영업,가면노래주점,"부산광역시 부산진구 중앙대로743번길 20, 지하1층 (부전동)",부산광역시 부산진구 부전동 263-30 , 051- 807-6149
유흥주점영업,삼삼칠,부산광역시 부산진구 새싹로8번길 17 (부전동),부산광역시 부산진구 부전동 262-3 , 051- 816-8848
유흥주점영업,팡팡,"부산광역시 부산진구 골드테마길 61, 지하1층 (범천동)",부산광역시 부산진구 범천동 847-29 ,051 -631 -6968
유흥주점영업,강남,부산광역시 부산진구 부전로96번길 29 (부전동),부산광역시 부산진구 부전동 474-92 , 051- 819-0834
유흥주점영업,레드7080,부산광역시 부산진구 부전로152번길 69 (부전동),부산광역시 부산진구 부전동 262-13 ,051 -817 -8005
유흥주점영업,미자노래주점,"부산광역시 부산진구 부전로96번길 26 (부전동,,17)","부산광역시 부산진구 부전동 477-16 ,17 ", 051- 807-1248
유흥주점영업,샘터노래주점,부산광역시 부산진구 가야대로755번길 6 (부전동),부산광역시 부산진구 부전동 466-25 , 051- 817-1751
유흥주점영업,술타그램,"부산광역시 부산진구 서면로 19, 지상2층 (부전동)",부산광역시 부산진구 부전동 522-10 지상2층 , 051- 808-1942
유흥주점영업,갈채노래주점,부산광역시 부산진구 가야대로784번길 56-3 (부전동),부산광역시 부산진구 부전동 520-37 , 051- 806-8885
유흥주점영업,신바람,부산광역시 부산진구 새싹로8번길 16 (부전동),부산광역시 부산진구 부전동 260-15 , 051- 808-7508
유흥주점영업,청계천노래주점,부산광역시 부산진구 서면문화로5번길 28 (부전동),부산광역시 부산진구 부전동 477-25 , 051- 818-0015
유흥주점영업,파티넥스트도어,"부산광역시 부산진구 중앙대로680번가길 34, 지하1층 (부전동)",부산광역시 부산진구 부전동 172-4 지하1층 , 051- 807-2862
유흥주점영업,필노래주점,"부산광역시 부산진구 부전로96번길 40 (부전동,,24)","부산광역시 부산진구 부전동 475-8 ,24 ", 051- 818-1090
유흥주점영업,고오자,부산광역시 부산진구 서면문화로5번길 3 (부전동),부산광역시 부산진구 부전동 486-22 , 051- 802-4152
유흥주점영업,쥬리앙,부산광역시 부산진구 중앙대로702번길 15 (부전동),부산광역시 부산진구 부전동 168-182 ,
유흥주점영업,솔밭노래방,부산광역시 부산진구 범일로142번길 63 (범천동),부산광역시 부산진구 범천동 841-291 , 051- 643-7333
유흥주점영업,세월,부산광역시 부산진구 신천대로 200-1 (부암동),부산광역시 부산진구 부암동 133-53 ,
유흥주점영업,더킹,부산광역시 부산진구 서면문화로 44-1 (부전동),부산광역시 부산진구 부전동 403-1 , 051- 807-0509
유흥주점영업,와우노래방,"부산광역시 부산진구 동천로107번길 25, 지하1층 (부전동)",부산광역시 부산진구 부전동 142-9 (지하1) ,051 -808 -5005
유흥주점영업,롯데가요주점,"부산광역시 부산진구 부전로96번길 26, 2층 (부전동)",부산광역시 부산진구 부전동 477-16 2층 , 051- 807-4602
유흥주점영업,세글자,"부산광역시 부산진구 부전로 18-5, 4층 (부전동)",부산광역시 부산진구 부전동 522-40 , 
유흥주점영업,해신,"부산광역시 부산진구 부전로20번길 32-5, 지상3층 (부전동)",부산광역시 부산진구 부전동 521-25 , 
유흥주점영업,가인,부산광역시 부산진구 부전로20번길 28 (부전동),부산광역시 부산진구 부전동 522-47 , 051- 806-1287
유흥주점영업,카라,"부산광역시 부산진구 서면문화로5번길 28, 2층 (부전동)",부산광역시 부산진구 부전동 477-25 (2층) , 051- 809-1287
유흥주점영업,비너스,부산광역시 부산진구 서면문화로 11-1 (부전동),부산광역시 부산진구 부전동 475-4 , 051- 806-7100
유흥주점영업,메가톤소주호프주점,"부산광역시 부산진구 중앙대로692번길 46-7, 지하1층 (부전동)",부산광역시 부산진구 부전동 223-2 지하1층 , 051- 804-1169
유흥주점영업,에쿠스,부산광역시 부산진구 서면로68번길 53 (부전동),부산광역시 부산진구 부전동 254-8 ,
유흥주점영업,로또노래타운,"부산광역시 부산진구 중앙대로692번길 40, 지하1층 (부전동)",부산광역시 부산진구 부전동 219-2 지하1층 , 051- 808-0012
유흥주점영업,키스노래주점,부산광역시 부산진구 부전로96번길 30 (부전동),부산광역시 부산진구 부전동 477-14 ,051 -805 -5267
유흥주점영업,유나포장크럽,부산광역시 부산진구 부전로152번길 46 (부전동),부산광역시 부산진구 부전동 395-2 , 051- 802-7375
유흥주점영업,연예인노래주점,"부산광역시 부산진구 골드테마길 32 (범천동,,18)","부산광역시 부산진구 범천동 845-17 ,18 ",
유흥주점영업,팔방,부산광역시 부산진구 서전로9번길 6 (부전동),부산광역시 부산진구 부전동 142-13 ,
유흥주점영업,찬스,부산광역시 부산진구 서면로 48 (부전동),부산광역시 부산진구 부전동 242-3 , 051- 809-3338
유흥주점영업,라이브양정역4번출구,부산광역시 부산진구 연수로 4 (양정동),부산광역시 부산진구 양정동 336-23 , 051- 852-2284
유흥주점영업,샾,"부산광역시 부산진구 부전로20번길 28, 지하1층 (부전동)",부산광역시 부산진구 부전동 522-47 지하1층 ,051 -818 -4558
유흥주점영업,짝짝,부산광역시 부산진구 중앙대로691번가길 11 (부전동),부산광역시 부산진구 부전동 515-71 , 051- 805-7323
유흥주점영업,지구촌,부산광역시 부산진구 동평로229번길 4 (연지동),부산광역시 부산진구 연지동 193-11 , 
유흥주점영업,운동장,부산광역시 부산진구 서면로 29-9 (부전동),부산광역시 부산진구 부전동 522-44 ,051 -819 -9759
유흥주점영업,홀리노래주점,"부산광역시 부산진구 서면로 29-9, 지하1층 (부전동)",부산광역시 부산진구 부전동 522-44 지하1층 ,051 -808 -0551
유흥주점영업,탈렌트노래방,부산광역시 부산진구 서전로9번길 26 (부전동),부산광역시 부산진구 부전동 122-24 , 051- 809-3174
유흥주점영업,바나나,"부산광역시 부산진구 신천대로62번길 68, 지하1층 (부전동)",부산광역시 부산진구 부전동 241-34 지하1층 , 
유흥주점영업,방방노래홀,부산광역시 부산진구 가야대로482번길 5 (개금동),부산광역시 부산진구 개금동 171-30 , 051- 893-8971
유흥주점영업,탑,"부산광역시 부산진구 서면문화로5번길 24 (부전동,,29)","부산광역시 부산진구 부전동 477-28 ,29 ", 051- 804-4321
유흥주점영업,야궁노래주점,부산광역시 부산진구 부전로20번길 32-7 (부전동),부산광역시 부산진구 부전동 521-24 , 051- 807-8700
유흥주점영업,체어맨노래짱, ,부산광역시 부산진구 범천동 1298-0 , 051- 647-4802
유흥주점영업,이브,"부산광역시 부산진구 중앙대로691번가길 11 (부전동,(지하1층))",부산광역시 부산진구 부전동 515-71 (지하1층) ,051 -806 -2221
유흥주점영업,Raon56,"부산광역시 부산진구 가야대로784번길 56, 지상2층 (부전동)",부산광역시 부산진구 부전동 519-14 지상2층 , 051- 806-0210
유흥주점영업,야화노래주점,"부산광역시 부산진구 부전로96번길 34-8 (부전동,(지하1층))",부산광역시 부산진구 부전동 477-22 (지하1층) ,070 -7578-3221
유흥주점영업,유성노래주점,"부산광역시 부산진구 골드테마길 47 (범천동,(1층))",부산광역시 부산진구 범천동 847-8 (1층) , 051- 642-4971
유흥주점영업,빅토리노래주점,"부산광역시 부산진구 부전로20번길 32-7 (부전동,(지하1층))",부산광역시 부산진구 부전동 521-24 (지하1층) ,051 -817 -2245
유흥주점영업,솔레,"부산광역시 부산진구 부전로20번길 32-5, 지상2층 (부전동)",부산광역시 부산진구 부전동 521-25 지상2층 , 051- 808-4524
유흥주점영업,제우스,부산광역시 부산진구 부전로20번길 32-7 (부전동),부산광역시 부산진구 부전동 521-24 , 051- 819-3588
유흥주점영업,보떼노래주점,"부산광역시 부산진구 부전로20번길 30, 지하1층 (부전동)",부산광역시 부산진구 부전동 522-1 지하1층 , 051- 806-7779
유흥주점영업,로망스,"부산광역시 부산진구 서면문화로 11 (부전동,(지하1층))",부산광역시 부산진구 부전동 475-3 (지하1층) , 051- 803-1123
유흥주점영업,뮤직뱅크,"부산광역시 부산진구 중앙대로691번가길 11, 지상3층 (부전동)",부산광역시 부산진구 부전동 515-71 지상3층 , 
유흥주점영업,아리랑포장클럽,부산광역시 부산진구 새싹로8번길 30 (부전동),부산광역시 부산진구 부전동 266-3 ,051 -819 -5525
유흥주점영업,디스미클럽,부산광역시 부산진구 가야대로765번길 11-1 (부전동),부산광역시 부산진구 부전동 467-13 , 051- 818-1605
유흥주점영업,양궁,"부산광역시 부산진구 가야대로703번길 6, 지하1층 (당감동)",부산광역시 부산진구 당감동 984 지하1층 , 051- 805-6662
유흥주점영업,풍선,부산광역시 부산진구 가야대로 765 (부전동),부산광역시 부산진구 부전동 485-13 , 051- 805-2779
유흥주점영업,단호박노래주점,"부산광역시 부산진구 신천대로 188-1, 지하1층 (부암동)",부산광역시 부산진구 부암동 689-15 , 
유흥주점영업,금영,부산광역시 부산진구 서면문화로5번길 28 (부전동),부산광역시 부산진구 부전동 477-25 , 051- 818-1680
유흥주점영업,아마존노래타운,"부산광역시 부산진구 서면로 36, 지상3층 (부전동)",부산광역시 부산진구 부전동 240-4 지상3층 , 
유흥주점영업,하이힐,"부산광역시 부산진구 서면로 37-1, 지상3층 (부전동)",부산광역시 부산진구 부전동 521-9 지상3층 , 051- 804-1250
유흥주점영업,홍콩유흥주점, ,부산광역시 부산진구 부전동 242-4 , 051- 806-5223
유흥주점영업,심플포장센타,부산광역시 부산진구 서면문화로 17 (부전동),부산광역시 부산진구 부전동 474-129 ,051 -819 -3838
유흥주점영업,목화실내포장,부산광역시 부산진구 동성로 133 (전포동),부산광역시 부산진구 전포동 635-1 , 051- 818-8571
유흥주점영업,맨스타,부산광역시 부산진구 새싹로 132 (부암동),부산광역시 부산진구 부암동 15-22 , 051- 804-2030
유흥주점영업,7080실내포장,부산광역시 부산진구 동성로 113-1 (전포동),부산광역시 부산진구 전포동 192-13 ,
유흥주점영업,논모르드,"부산광역시 부산진구 중앙대로692번길 31, 8층 (부전동)",부산광역시 부산진구 부전동 172-5 8층 ,
유흥주점영업,파라다이스,부산광역시 부산진구 가야대로482번길 13 (개금동),부산광역시 부산진구 개금동 171-42 , 051- 894-5510
유흥주점영업,설탕,부산광역시 부산진구 중앙대로691번가길 15-1 (부전동),부산광역시 부산진구 부전동 515-52 , 051- 819-6636
유흥주점영업,하트노래주점,부산광역시 부산진구 새싹로8번길 18 (부전동),부산광역시 부산진구 부전동 260-58 , 051- 802-1117
유흥주점영업,루비노래주점,부산광역시 부산진구 서면로 33-9 (부전동),부산광역시 부산진구 부전동 521-20 , 051- 817-8935
유흥주점영업,조은날,부산광역시 부산진구 동천로107번길 24 (부전동),부산광역시 부산진구 부전동 117-5 , 051- 806-9855
유흥주점영업,고구려.com,"부산광역시 부산진구 중앙대로691번가길 13, 지상2층 (부전동)",부산광역시 부산진구 부전동 515-8 지상2층 , 051- 819-2556
유흥주점영업,갈채노래주점,"부산광역시 부산진구 부전로96번길 36 (부전동,13)",부산광역시 부산진구 부전동 475-12 13 , 051- 805-7577
유흥주점영업,비행기,부산광역시 부산진구 서면문화로5번길 17 (부전동),부산광역시 부산진구 부전동 486-11 ,051 -807 -4910
유흥주점영업,희야,"부산광역시 부산진구 부전로96번길 42, 지상2-3층 (부전동)",부산광역시 부산진구 부전동 475-23 지상2-3층 , 051- 818-8898
유흥주점영업,브이아이피,부산광역시 부산진구 부전로20번길 19 (부전동),부산광역시 부산진구 부전동 523-1 , 051- 807-2222
유흥주점영업,더블디오,"부산광역시 부산진구 부전로20번길 19, 지상3층 (부전동)",부산광역시 부산진구 부전동 523-1 지상3층 ,051 -817 -8580
유흥주점영업,박카스,부산광역시 부산진구 부전로96번길 36 (부전동),부산광역시 부산진구 부전동 475-12 ,051 -807 -4040
유흥주점영업,해피데이포장센타,부산광역시 부산진구 부전로152번길 27 (부전동),부산광역시 부산진구 부전동 347-26 , 051- 805-6333
유흥주점영업,황제,부산광역시 부산진구 서면문화로 24-1 (부전동),부산광역시 부산진구 부전동 398-4 , 051- 809-0348
유흥주점영업,클럽 블로썸(CLUB BLOWSOME),"부산광역시 부산진구 부전로20번길 47, 지상2층 (부전동)",부산광역시 부산진구 부전동 524-46 지상2층 , 051- 819-0015
유흥주점영업,우정,부산광역시 부산진구 부전로20번길 19 (부전동),부산광역시 부산진구 부전동 523-1 ,051 -805 -8969
유흥주점영업,물레방아,"부산광역시 부산진구 동성로 113, 지하1층 (전포동)",부산광역시 부산진구 전포동 192-17 (지하1층) , 
유흥주점영업,수연,부산광역시 부산진구 신천대로204번길 4-1 (부암동),부산광역시 부산진구 부암동 133-41 , 051- 804-6284
유흥주점영업,물레방아,부산광역시 부산진구 새싹로8번길 27 (부전동),부산광역시 부산진구 부전동 263-26 , 051- 809-8938
유흥주점영업,플레져아일랜드,"부산광역시 부산진구 부전로 130-11 (부전동,외1(지하1층))",부산광역시 부산진구 부전동 401-10 외1(지하1층) ,051 -809 -8253
유흥주점영업,씽씽노래주점,"부산광역시 부산진구 새싹로29번길 13, 지하1층 (부전동)","부산광역시 부산진구 부전동 400-8 ,11(지하1층) ", 051- 802-8799
유흥주점영업,더블유(W)클럽,"부산광역시 부산진구 부전로20번길 47, 지하1층 (부전동)",부산광역시 부산진구 부전동 524-46 지하1층 ,051 -863 -1757
유흥주점영업,헤라노래주점,"부산광역시 부산진구 서면로 17 (부전동,(지하1층))",부산광역시 부산진구 부전동 522-12 (지하1층) , 051- 803-2297
유흥주점영업,야시노래주점,"부산광역시 부산진구 서면로 19, 지하1층 (부전동)",부산광역시 부산진구 부전동 522-10 지하1층 , 
유흥주점영업,카라,"부산광역시 부산진구 서면로 26, 지하1층 (부전동)",부산광역시 부산진구 부전동 233-6 지하1층 , 051- 819-2442
유흥주점영업,에니콜노래주점,부산광역시 부산진구 새싹로8번길 29 (부전동),부산광역시 부산진구 부전동 263-25 , 051- 808-3800
유흥주점영업,드라마노래텔,부산광역시 부산진구 서면문화로5번길 25 (부전동),부산광역시 부산진구 부전동 485-2 , 051- 809-1246
유흥주점영업,마돈나포장센타,"부산광역시 부산진구 부전로152번길 31 (부전동,(지하1층))",부산광역시 부산진구 부전동 347-27 (지하1층) , 051- 807-8886
유흥주점영업,긴자,"부산광역시 부산진구 부전로20번길 47 (부전동, 외 45.60)",부산광역시 부산진구 부전동 524-46 외45.60 , 051- 819-0015
유흥주점영업,아쿠아,부산광역시 부산진구 가야대로784번길 56-7 (부전동),부산광역시 부산진구 부전동 520-7 , 051- 818-6949
유흥주점영업,헤라,부산광역시 부산진구 부전로 125 (부전동),부산광역시 부산진구 부전동 405-18 , 051- 819-3100
유흥주점영업,파트너가라오케노래주점,"부산광역시 부산진구 가야대로784번길 57-3, 지하1층 (부전동)",부산광역시 부산진구 부전동 517-31 , 
유흥주점영업,그립(grip),"부산광역시 부산진구 중앙대로680번가길 33-7, 지하1층 (부전동)",부산광역시 부산진구 부전동 187-7 (지하1층) , 
유흥주점영업,이브,부산광역시 부산진구 서면문화로 17 (부전동),부산광역시 부산진구 부전동 474-129 , 051- 804-0086
유흥주점영업,발렌타인,부산광역시 부산진구 가야대로784번길 49 (부전동),부산광역시 부산진구 부전동 517-27 ,
유흥주점영업,그랑나랑,"부산광역시 부산진구 가야대로784번길 15, 지하1층 (부전동)",부산광역시 부산진구 부전동 502-21 지하1층 ,051 -802 -5696
유흥주점영업,서하,"부산광역시 부산진구 중앙대로691번길 43, 지하1층 (부전동)",부산광역시 부산진구 부전동 524-7 (지하1층) ,051 -809 -5259
유흥주점영업,비가연,"부산광역시 부산진구 중앙대로691번길 49, 지상2층 (부전동)",부산광역시 부산진구 부전동 524-2 지상2층 , 051- 806-2256
유흥주점영업,라온,"부산광역시 부산진구 서면로 19-1, 지하1층 (부전동)",부산광역시 부산진구 부전동 522-41 지하1층 , 051- 806-6684
유흥주점영업,낭랑,부산광역시 부산진구 중앙대로691번길 41 (부전동),부산광역시 부산진구 부전동 524-1 , 051- 806-3697
유흥주점영업,원피스노래주점,"부산광역시 부산진구 가야대로784번길 52 (부전동,,50)","부산광역시 부산진구 부전동 519-5 ,50 ", 051- 808-2328
유흥주점영업,뉴볼소주호프노래타운,"부산광역시 부산진구 중앙대로680번가길 12-6, 2층 (부전동)",부산광역시 부산진구 부전동 220-8 2층 ,051 -809 -1100
유흥주점영업,레몬노래주점,"부산광역시 부산진구 서면문화로5번길 8 (부전동,,33)","부산광역시 부산진구 부전동 475-32 ,33 ", 051- 804-8835
유흥주점영업,우정,부산광역시 부산진구 중앙대로691번가길 14-11 (부전동),부산광역시 부산진구 부전동 519-25 , 051- 817-4403
유흥주점영업,꿀물,"부산광역시 부산진구 서면로 29-10 (부전동,(지하1층))",부산광역시 부산진구 부전동 521-23 (지하1층) , 051- 817-2245
유흥주점영업,시카고펍비어,부산광역시 부산진구 가야대로784번길 56-3 (부전동),부산광역시 부산진구 부전동 520-37 ,
유흥주점영업,문화,부산광역시 부산진구 중앙대로691번길 34 (부전동),부산광역시 부산진구 부전동 517-57 , 051- 807-2701
유흥주점영업,블리스,"부산광역시 부산진구 서면로 33-11, 1층 (부전동)",부산광역시 부산진구 부전동 521-19 ,051 -807 -1818
유흥주점영업,바람,부산광역시 부산진구 서면로 15-8 (부전동),부산광역시 부산진구 부전동 522-14 ,
유흥주점영업,레몬,"부산광역시 부산진구 중앙대로635번길 17-1, 2층 (범천동)",부산광역시 부산진구 범천동 869-10 , 051- 638-9085
유흥주점영업,화인노래주점,부산광역시 부산진구 성지로8번길 46 (연지동),부산광역시 부산진구 연지동 41-1 , 051- 802-5753
유흥주점영업,동화노래주점,"부산광역시 부산진구 새싹로29번길 지하 8, 1층 (부전동)",부산광역시 부산진구 부전동 401-23 , 051- 809-6789
유흥주점영업,부킹노래주점,"부산광역시 부산진구 동평로420번길 13, 지상3층 (양정동)","부산광역시 부산진구 양정동 369-3 ,11 ", 051- 853-1501
유흥주점영업,서울노래방,"부산광역시 부산진구 가야대로784번길 51, 지하1층 (부전동)",부산광역시 부산진구 부전동 517-33 지하1층 , 051-929 -5858
유흥주점영업,더파티,"부산광역시 부산진구 가야대로784번길 52, 지하1층 (부전동)",부산광역시 부산진구 부전동 519-5 지하1층 , 051- 809-4991
유흥주점영업,언니쓰 가라오케,부산광역시 부산진구 서면문화로5번길 28 (부전동),부산광역시 부산진구 부전동 477-25 , 051- 807-1100
유흥주점영업,앵두,"부산광역시 부산진구 새싹로29번길 13 (부전동,(지하1층))",부산광역시 부산진구 부전동 400-8 (지하1층) , 051- 806-2623
유흥주점영업,밀크밀크노래주점,부산광역시 부산진구 새싹로 287 (초읍동),부산광역시 부산진구 초읍동 292-19 , 051- 816-9556
유흥주점영업,발리,"부산광역시 부산진구 가야대로784번길 62, 지하1층 (부전동)",부산광역시 부산진구 부전동 520-2 지하1층 ,051 -806 -3606
유흥주점영업,황금노래주점,"부산광역시 부산진구 서면로 71, 지하1층 (부전동)",부산광역시 부산진구 부전동 490-12 지하1층 ,051 -819 -0098
유흥주점영업,대황제 소주 맥주 주점,"부산광역시 부산진구 거제대로36번길 32, 2층 (양정동)",부산광역시 부산진구 양정동 394-23 (2층) , 051- 866-6303
유흥주점영업,뉴카니발소주호프,"부산광역시 부산진구 서면로 33 (부전동,(3층))",부산광역시 부산진구 부전동 521-21 (3층) , 051- 807-1515
유흥주점영업,당근노래방주점,부산광역시 부산진구 서면문화로5번길 20 (부전동),부산광역시 부산진구 부전동 475-21 , 051- 808-3384
유흥주점영업,신신노래주점,부산광역시 부산진구 중앙대로743번길 24 (부전동),부산광역시 부산진구 부전동 263-11 ,0109-7350-145
유흥주점영업,크로바노래주점,부산광역시 부산진구 중앙대로691번가길 18 (부전동),부산광역시 부산진구 부전동 519-56 , 051- 806-7702
유흥주점영업,로망스,부산광역시 부산진구 동평로406번길 39 (양정동),부산광역시 부산진구 양정동 389-9 , 051- 864-3533
유흥주점영업,썸씽노래타운,부산광역시 부산진구 중앙대로692번길 45-7 (부전동),부산광역시 부산진구 부전동 172-1 , 051- 818-9806
유흥주점영업,아사노래주점,"부산광역시 부산진구 서면로 41, 지하1층 (부전동)",부산광역시 부산진구 부전동 517-62 지하1층 , 051- 806-6228
유흥주점영업,도화G,"부산광역시 부산진구 중앙대로691번가길 24-13, 지하1층 (부전동)",부산광역시 부산진구 부전동 516-6 지하1층 , 
유흥주점영업,식스나인,부산광역시 부산진구 서면로 29-10 (부전동),부산광역시 부산진구 부전동 521-23 , 051- 825-1617
유흥주점영업,피엠,부산광역시 부산진구 중앙대로691번길 48 (부전동),부산광역시 부산진구 부전동 520-35 , 051- 805-9024
유흥주점영업,원투쓰리라이브클럽,"부산광역시 부산진구 서면문화로 44-1, 지하1층 (부전동)",부산광역시 부산진구 부전동 403-1 (지하1층) ,051 -803 -0577
유흥주점영업,제니스노래주점,"부산광역시 부산진구 새싹로 25, 지하1층 (부전동)",부산광역시 부산진구 부전동 399-8 지하1층 , 051- 818-0025
유흥주점영업,대림,부산광역시 부산진구 가야대로703번길 5 (당감동),부산광역시 부산진구 당감동 1008 , 051- 819-5959
유흥주점영업,호림,"부산광역시 부산진구 신천대로204번길 6, 1층 (부암동)",부산광역시 부산진구 부암동 133-42 (1층) , 051- 819-2468
유흥주점영업,뽕,부산광역시 부산진구 신암로 5 (범천동),부산광역시 부산진구 범천동 1298-100 , 051- 633-3224
유흥주점영업,오렌지노래주점,부산광역시 부산진구 서면문화로5번길 25 (부전동),부산광역시 부산진구 부전동 485-2 , 051- 804-4224
유흥주점영업,조은날 실내포장,부산광역시 부산진구 새싹로29번길 9 (부전동),부산광역시 부산진구 부전동 400-7 ,
유흥주점영업,아우라,부산광역시 부산진구 중앙대로691번가길 24-13 (부전동),부산광역시 부산진구 부전동 516-6 , 
유흥주점영업,하모니노래주점,부산광역시 부산진구 범일로192번길 19 (범천동),부산광역시 부산진구 범천동 854-14 ,051 -632 -9085
유흥주점영업,스카이라이브바,"부산광역시 부산진구 서면로 33-11, 지하1층 (부전동)",부산광역시 부산진구 부전동 521-19 지하1층 ,070 -8868-6040
유흥주점영업,호박노래주점,부산광역시 부산진구 새싹로28번길 24 (부전동),부산광역시 부산진구 부전동 264-3 , 
유흥주점영업,어매,부산광역시 부산진구 서전로47번길 59 (전포동),부산광역시 부산진구 전포동 635-13 , 
유흥주점영업,좋은날노래타운,"부산광역시 부산진구 중앙대로691번길 43, 3층 (부전동)",부산광역시 부산진구 부전동 524-7 3층 ,051 -802 -5758
유흥주점영업,탈렌트노래주점,"부산광역시 부산진구 중앙대로691번길 28, 지상3층 (부전동)",부산광역시 부산진구 부전동 517-55 지상3층 , 051- 805-8150
유흥주점영업,필,부산광역시 부산진구 범일로 151 (범천동),부산광역시 부산진구 범천동 886-2 , 051- 642-2453
유흥주점영업,수,부산광역시 부산진구 서전로47번길 59 (전포동),부산광역시 부산진구 전포동 635-13 , 051- 807-5634
유흥주점영업,비타민노래주점,부산광역시 부산진구 서면문화로 11-1 (부전동),부산광역시 부산진구 부전동 475-4 , 
유흥주점영업,쎄시봉라이브,"부산광역시 부산진구 중앙대로691번가길 13, 1층 (부전동)",부산광역시 부산진구 부전동 515-8 ,051 -804 -2970
유흥주점영업,소풍,부산광역시 부산진구 부전로96번길 44 (부전동),부산광역시 부산진구 부전동 475-22 ,051 -809 -6218
유흥주점영업,올인노래주점,"부산광역시 부산진구 중앙대로691번길 45, 지상2층 (부전동)",부산광역시 부산진구 부전동 524-9 지상2층 , 
유흥주점영업,까치,부산광역시 부산진구 서면문화로 29 (부전동),부산광역시 부산진구 부전동 474-78 , 051- 819-0811
유흥주점영업,벤츠노래방,부산광역시 부산진구 동평로406번길 39 (양정동),부산광역시 부산진구 양정동 389-9 , 051- 865-9555
유흥주점영업,한올,부산광역시 부산진구 부전로20번길 19 (부전동),부산광역시 부산진구 부전동 523-1 , 051- 803-5447
유흥주점영업,해비치,부산광역시 부산진구 부전로96번길 16 (부전동),부산광역시 부산진구 부전동 477-3 , 051- 819-6458
유흥주점영업,뉴동화,부산광역시 부산진구 새싹로29번길 8 (부전동),부산광역시 부산진구 부전동 401-23 , 051- 808-3730
유흥주점영업,아하노래주점,부산광역시 부산진구 부전로152번길 34 (부전동),부산광역시 부산진구 부전동 352-1 ,051- 804-3992
유흥주점영업,궁,부산광역시 부산진구 부전로96번길 17 (부전동),부산광역시 부산진구 부전동 474-125 , 
유흥주점영업,콜소주호프노래주점,부산광역시 부산진구 새싹로 127 (부암동),부산광역시 부산진구 부암동 23-16 ,051- 803-6424
유흥주점영업,놀이터,"부산광역시 부산진구 가야대로784번길 58, 지하1층 (부전동)",부산광역시 부산진구 부전동 520-1 지하1층 ,051 -806 -2736
유흥주점영업,소판돈,부산광역시 부산진구 부전로20번길 42 (부전동),부산광역시 부산진구 부전동 521-15 , 
유흥주점영업,일도,부산광역시 부산진구 서면로 33-9 (부전동),부산광역시 부산진구 부전동 521-20 , 
유흥주점영업,금메달 실내포장,부산광역시 부산진구 새싹로 25 (부전동),부산광역시 부산진구 부전동 399-8 , 
유흥주점영업,동양,"부산광역시 부산진구 가야대로 783-1, 지하1층 (부전동)",부산광역시 부산진구 부전동 486-20 지하1층 ,051 -805 -4451
유흥주점영업,용실비포장,"부산광역시 부산진구 새싹로29번길 지하 14, 1층 (부전동)",부산광역시 부산진구 부전동 403-27 ,051 -817 -8809
유흥주점영업,퀸비지니스클럽,부산광역시 부산진구 복지로 21 (개금동),부산광역시 부산진구 개금동 523-71 , 051- 892-8990
유흥주점영업,램프,"부산광역시 부산진구 서면로 16, 지상5층 (부전동, 무광빌딩)",부산광역시 부산진구 부전동 534-1 지상5층 무광빌딩 , 051- 816-9876
유흥주점영업,알라딘,"부산광역시 부산진구 서면로 16, 지상4층 (부전동, 무광빌딩)",부산광역시 부산진구 부전동 534-1 지상4층 무광빌딩 , 051- 805-1551
유흥주점영업,타잔노래주점,"부산광역시 부산진구 중앙대로680번가길 15 (부전동,부산프라자(지하1층))",부산광역시 부산진구 부전동 215-3 부산프라자(지하1층) , 051- 809-1918
유흥주점영업,"3,6,9 노래방",부산광역시 부산진구 부전로96번길 27 (부전동),부산광역시 부산진구 부전동 474-6 , 051- 807-8865
유흥주점영업,채플린,"부산광역시 부산진구 범일로 138, 지하1층 (범천동)",부산광역시 부산진구 범천동 721-114 ,051 -633 -1584
유흥주점영업,대월포장센타,부산광역시 부산진구 새싹로 15-1 (부전동),부산광역시 부산진구 부전동 397-15 , 051- 817-8283
유흥주점영업,리치노래주점,부산광역시 부산진구 부전로96번길 25 (부전동),부산광역시 부산진구 부전동 474-7 , 
유흥주점영업,로또,부산광역시 부산진구 서면문화로 22-1 (부전동),부산광역시 부산진구 부전동 398-25 , 051- 809-6090
유흥주점영업,수성노래주점,"부산광역시 부산진구 중앙대로909번길 8, 지하1층 (양정동)",부산광역시 부산진구 양정동 393-17 , 051- 853-6733
유흥주점영업,포끝노래타운,"부산광역시 부산진구 신천대로62번길 77 (부전동,4층)",부산광역시 부산진구 부전동 240-1 4층 ,051 -802 -9002
유흥주점영업,타잔노래주점,"부산광역시 부산진구 신천대로62번길 77 (부전동,3층)",부산광역시 부산진구 부전동 240-1 3층 , 051- 803-7070
유흥주점영업,스타킹,"부산광역시 부산진구 부전로96번길 16 (부전동,3층)",부산광역시 부산진구 부전동 477-3 3층 ,051 -805 -3712
유흥주점영업,나이스,부산광역시 부산진구 새싹로 28 (부전동),부산광역시 부산진구 부전동 396-3 , 051- 809-8711
유흥주점영업,돌고래,"부산광역시 부산진구 부전로20번길 19, 지상2층 (부전동)",부산광역시 부산진구 부전동 523-1 지상2층 , 
유흥주점영업,장금이,"부산광역시 부산진구 중앙번영로20번길 26 (범천동,(2층))",부산광역시 부산진구 범천동 845-1 (2층) ,051 -632 -1395
유흥주점영업,둥지노래주점,"부산광역시 부산진구 부전로 41, 지하1층 (부전동)",부산광역시 부산진구 부전동 525-2 지하1층 ,051 -805 -4777
유흥주점영업,랑데부호프노래주점,"부산광역시 부산진구 서면로 40 (부전동,(4층))",부산광역시 부산진구 부전동 240-13 (4층) , 051- 803-1296
유흥주점영업,불꽃노래주점,"부산광역시 부산진구 복지로13번길 67, 지하1층 (개금동)",부산광역시 부산진구 개금동 171-105 ,051 -893 -3224
유흥주점영업,동화주점,부산광역시 부산진구 복지로13번길 65 (개금동),부산광역시 부산진구 개금동 177-208 ,051 -894 -0496
유흥주점영업,비스트,"부산광역시 부산진구 새싹로 42 (부전동,(지하1층))",부산광역시 부산진구 부전동 394-5 (지하1층) ,051 -817 -1145
유흥주점영업,싱글벙글,부산광역시 부산진구 서면문화로 35 (부전동),부산광역시 부산진구 부전동 406-33 ,051 -807 -8388
유흥주점영업,앵콜유흥주점,"부산광역시 부산진구 복지로13번길 62 (개금동,(지하1층))",부산광역시 부산진구 개금동 177-17 (지하1층) , 051- 896-6297
유흥주점영업,차차노래방주점,"부산광역시 부산진구 부전로152번길 44 (부전동,(2층))",부산광역시 부산진구 부전동 395-1 (2층) , 051- 808-7741
유흥주점영업,영상유흥주점,"부산광역시 부산진구 복지로13번길 44 (개금동,(지하1층))",부산광역시 부산진구 개금동 177-133 (지하1층) ,010 -6705-0072
유흥주점영업,애플,"부산광역시 부산진구 중앙대로691번가길 24-5 (부전동,(지하1층))",부산광역시 부산진구 부전동 516-71 (지하1층) , 010-5914-1112
유흥주점영업,그날노래방,"부산광역시 부산진구 가야대로765번길 8 (부전동,지하1층)",부산광역시 부산진구 부전동 485-12 지하1층 , 051- 818-7849
유흥주점영업,앵콜노래주점,"부산광역시 부산진구 새싹로 23 (부전동,(지하1층))",부산광역시 부산진구 부전동 399-3 (지하1층) ,051 -817 -5559
유흥주점영업,짱이야,"부산광역시 부산진구 가야대로 765, 2층 (부전동)",부산광역시 부산진구 부전동 485-13 2층 , 051- 804-5151
유흥주점영업,7080라이브,"부산광역시 부산진구 범일로 152 (범천동,(지하1층))",부산광역시 부산진구 범천동 846-29 (지하1층) , 
유흥주점영업,비바체,"부산광역시 부산진구 서면문화로 23, 5층 (부전동)",부산광역시 부산진구 부전동 474-2 외1필지(5층) , 
유흥주점영업,봉봉가라오케,"부산광역시 부산진구 서면문화로5번길 32 (부전동,(지하1층))",부산광역시 부산진구 부전동 477-6 (지하1층) ,051 -805 -8997
유흥주점영업,황제노래주점,부산광역시 부산진구 부전로152번길 40 (부전동),부산광역시 부산진구 부전동 352-2 ,051 -816 -8788
유흥주점영업,홍콩노래주점,부산광역시 부산진구 부전로96번길 27 (부전동),부산광역시 부산진구 부전동 474-6 , 051- 818-7242
유흥주점영업,필노래주점,"부산광역시 부산진구 가야대로784번길 46-5, 지하1층 (부전동)",부산광역시 부산진구 부전동 519-10 지하1층 , 
유흥주점영업,가빈,"부산광역시 부산진구 부전로20번길 12, 지하1층 (부전동)",부산광역시 부산진구 부전동 522-25 ,051 -819 -7761
유흥주점영업,연예인 주점,부산광역시 부산진구 가야대로784번길 56-4 (부전동),부산광역시 부산진구 부전동 519-15 , 051- 807-4734
유흥주점영업,비행기,부산광역시 부산진구 서전로47번길 59 (전포동),부산광역시 부산진구 전포동 635-13 , 051-8039- 914
유흥주점영업,금비,"부산광역시 부산진구 가야대로 775-2, 1층 (부전동)",부산광역시 부산진구 부전동 485-39 , 051- 807-4814
유흥주점영업,발리노래주점,부산광역시 부산진구 서면문화로 24 (부전동),부산광역시 부산진구 부전동 398-12 , 051- 808-2880
유흥주점영업,야야노래방,"부산광역시 부산진구 부전로152번길 40 (부전동,(지하1층))",부산광역시 부산진구 부전동 352-2 (지하1층) , 051- 819-9986
유흥주점영업,돌고래,"부산광역시 부산진구 신천대로65번길 29 (범천동,2층)",부산광역시 부산진구 범천동 869-3 2층 , 051- 643-9303
유흥주점영업,하와이노래주점,"부산광역시 부산진구 서면문화로 22 (부전동,(2층))",부산광역시 부산진구 부전동 397-19 (2층) , 051- 809-0698
유흥주점영업,나비,"부산광역시 부산진구 서면문화로 25 (부전동,(지하1층))",부산광역시 부산진구 부전동 474-82 (지하1층) ,051- 804-4629
유흥주점영업,루비노래주점,"부산광역시 부산진구 서면문화로5번길 21 (부전동,(2층))",부산광역시 부산진구 부전동 485-16 (2층) , 051- 819-4005
유흥주점영업,경빈노래주점,"부산광역시 부산진구 중앙대로 911 (양정동,지하1층)",부산광역시 부산진구 양정동 393-24 지하1층 ,051 -862 -2348
유흥주점영업,스타노래주점,"부산광역시 부산진구 서면문화로5번길 15 (부전동,(2층))",부산광역시 부산진구 부전동 486-25 (2층) , 051- 802-3631
유흥주점영업,삼우노래주점,"부산광역시 부산진구 새싹로8번길 32 (부전동,(지하1층))",부산광역시 부산진구 부전동 266-31 (지하1층) ,051 -808 -6013
유흥주점영업,목화,"부산광역시 부산진구 동평로 193 (부암동,(지하1층 일부))",부산광역시 부산진구 부암동 304-3 (지하1층 일부) , 051- 809-0957
유흥주점영업,설탕노래주점,"부산광역시 부산진구 부전로96번길 29 (부전동,(지상2층))",부산광역시 부산진구 부전동 474-92 (지상2층) , 
유흥주점영업,콘서트,"부산광역시 부산진구 동천로107번길 21 (부전동,(2층))",부산광역시 부산진구 부전동 142-7 (2층) , 051- 818-7200
유흥주점영업,북소리노래주점,"부산광역시 부산진구 부전로152번길 41 (부전동,외 1필지(-27) 2층)",부산광역시 부산진구 부전동 264-26 외 1필지(-27) 2층 , 
유흥주점영업,아싸!노래방,"부산광역시 부산진구 새싹로29번길 14 (부전동,외 1필지 (2층))",부산광역시 부산진구 부전동 403-27 외 1필지 (2층) ,051 -802 -0414
유흥주점영업,엔(En),"부산광역시 부산진구 중앙대로691번길 43 (부전동,(2층))",부산광역시 부산진구 부전동 524-7 (2층) , 051- 806-9200
유흥주점영업,에이스,"부산광역시 부산진구 서면문화로5번길 8, 지상2층 (부전동)",부산광역시 부산진구 부전동 475-32 (지상2층) , 051- 806-1288
유흥주점영업,홍시,"부산광역시 부산진구 서면문화로 18-1, 2층 (부전동)",부산광역시 부산진구 부전동 397-21 2층 , 051- 817-4477
유흥주점영업,열린노래주점,"부산광역시 부산진구 서면문화로5번길 24 (부전동,(2층))",부산광역시 부산진구 부전동 477-28 (2층) , 
유흥주점영업,앵콜노래주점,"부산광역시 부산진구 동성로 119 (전포동,(지하1층))",부산광역시 부산진구 전포동 193-9 (지하1층) ,051 -808 -9964
유흥주점영업,황실노래주점,"부산광역시 부산진구 범일로 156-1 (범천동,(지하1층))",부산광역시 부산진구 범천동 847-5 (지하1층) , 051- 632-8855
유흥주점영업,로타리포장크럽,"부산광역시 부산진구 새싹로8번길 14 (부전동,지하1층 일부)",부산광역시 부산진구 부전동 260-44 지하1층 일부 , 051- 809-0122
유흥주점영업,입술노래주점,"부산광역시 부산진구 서면로 29-9 (부전동,(2층))",부산광역시 부산진구 부전동 522-44 (2층) ,
유흥주점영업,1번가포장타운,"부산광역시 부산진구 부전로152번길 41, 지하1층 (부전동)",부산광역시 부산진구 부전동 264-26 , 051- 816-2653
유흥주점영업,OK바,"부산광역시 부산진구 황령대로 9 (범천동,지하1층)",부산광역시 부산진구 범천동 858-64 지하1층 ,051 -643 -1095
유흥주점영업,오 준코,"부산광역시 부산진구 중앙대로702번길 21 (부전동,(6층))",부산광역시 부산진구 부전동 168-176 (6층) , 051- 802-0977
유흥주점영업,요(Yo),"부산광역시 부산진구 중앙대로702번길 21 (부전동,(7층))",부산광역시 부산진구 부전동 168-176 (7층) , 
유흥주점영업,예준코소주호프노래타운,"부산광역시 부산진구 중앙대로702번길 21 (부전동,(8층))",부산광역시 부산진구 부전동 168-176 (8층) , 
유흥주점영업,풍차노래주점,부산광역시 부산진구 복지로13번길 49 (개금동),부산광역시 부산진구 개금동 177-59 (지하1층 일부) , 
유흥주점영업,무지개,"부산광역시 부산진구 자유평화로 23 (범천동,(2층))",부산광역시 부산진구 범천동 839-411 (2층) ,051 -647 -3701
유흥주점영업,고소주호프노래타운,"부산광역시 부산진구 서전로10번길 50 (부전동,(지하1층))",부산광역시 부산진구 부전동 165-1 (지하1층) , 051- 818-8816
유흥주점영업,포차끝판왕서면점,"부산광역시 부산진구 중앙대로680번가길 12-6, 지상1층 (부전동)",부산광역시 부산진구 부전동 220-8 지상1층 , 051- 818-3321
유흥주점영업,스타,"부산광역시 부산진구 서면로 28-1, 지상4층 (부전동)",부산광역시 부산진구 부전동 233-4 지상4층 , 051-805 -8766
유흥주점영업,트리플에스,"부산광역시 부산진구 서면로 28-1 (부전동,(2층))",부산광역시 부산진구 부전동 233-4 (2층) , 
유흥주점영업,마세라티,"부산광역시 부산진구 신천대로62번길 60, 지하1층 (부전동)",부산광역시 부산진구 부전동 232-3 지하1층 ,051 -802 -1411
유흥주점영업,백경,"부산광역시 부산진구 서전로9번길 14 (부전동,(지하1층))",부산광역시 부산진구 부전동 117-6 (지하1층) , 051- 809-9126
유흥주점영업,신바람노래주점,"부산광역시 부산진구 서면문화로 6 (부전동,(3층))",부산광역시 부산진구 부전동 259-5 (3층) ,051 -807 -0880
유흥주점영업,첼로 노래주점,"부산광역시 부산진구 서면문화로5번길 9, 지상2층 (부전동)",부산광역시 부산진구 부전동 486-3 지상2층 , 
유흥주점영업,보물섬,"부산광역시 부산진구 부전로96번길 19 (부전동,3층)",부산광역시 부산진구 부전동 474-111 3층 ,051 -816 -7575
유흥주점영업,아라라이브,"부산광역시 부산진구 신천대로62번길 42, 지상3층 (부전동)",부산광역시 부산진구 부전동 232-4 지상3층 , 
유흥주점영업,꿀노래주점,부산광역시 부산진구 부전로96번길 34-3 (부전동),부산광역시 부산진구 부전동 475-14 ,051 -817 -2965
유흥주점영업,동행원탁가라오케,부산광역시 부산진구 새싹로8번길 28 (부전동),부산광역시 부산진구 부전동 266-4 ,051 -803 -8660
유흥주점영업,지오소주호프노래타운,"부산광역시 부산진구 서전로10번길 69 (부전동,외1필지)",부산광역시 부산진구 부전동 190-1 외1필지 ,051 -818 -0879
유흥주점영업,아찌와 노래주점,"부산광역시 부산진구 가야대로 482, 지하1층 (개금동)",부산광역시 부산진구 개금동 171-13 (지하1층) ,011 -655 -4033
유흥주점영업,지오소주호프노래타운,"부산광역시 부산진구 서전로10번길 69, 4층 (부전동)",부산광역시 부산진구 부전동 190-1 4층 ,051 -816 -0879
유흥주점영업,즐거운,"부산광역시 부산진구 부전로96번길 40 (부전동,(2층))",부산광역시 부산진구 부전동 475-8 (2층) ,051 -818 -1141
유흥주점영업,락,"부산광역시 부산진구 부전로 48 (부전동,(3층))",부산광역시 부산진구 부전동 515-67 (3층) ,051 -808 -4580
유흥주점영업,꿀단지,"부산광역시 부산진구 부전로20번길 44-1 (부전동,(2층))",부산광역시 부산진구 부전동 521-8 (2층) , 
유흥주점영업,M.T 에이플러스,"부산광역시 부산진구 중앙대로 901, 1층 (양정동)",부산광역시 부산진구 양정동 394-5 ,051 -852 -5558
유흥주점영업,비 투(2),"부산광역시 부산진구 중앙대로680번가길 18, 2층 (부전동)",부산광역시 부산진구 부전동 217-6 2층 ,051 -816 -8844
유흥주점영업,패밀리,"부산광역시 부산진구 서면로 57, 지하1층 (부전동)",부산광역시 부산진구 부전동 517-1 지하1층 ,051 -802 -3437
유흥주점영업,꿀물노래주점,"부산광역시 부산진구 가야대로 483 (개금동,번지(지하1층))",부산광역시 부산진구 개금동 200-1 번지(지하1층) , 051- 898-1967
유흥주점영업,부산노래방,"부산광역시 부산진구 새싹로8번길 28 (부전동,외 1필지(2층))",부산광역시 부산진구 부전동 266-4 외 1필지(2층) ,051 -808 -8889
유흥주점영업,오디션,부산광역시 부산진구 동성로 130 (전포동),부산광역시 부산진구 전포동 588-6 ,051 -805 -2859
유흥주점영업,오랜지 노래주점,부산광역시 부산진구 골드테마길 42 (범천동),부산광역시 부산진구 범천동 845-8 ,051 -631 -6764
유흥주점영업,토이,"부산광역시 부산진구 서면로 29-10, 3층 (부전동)",부산광역시 부산진구 부전동 521-23 3층 , 
유흥주점영업,딸기노래주점,"부산광역시 부산진구 부전로96번길 40 (부전동,번지(지상3층))",부산광역시 부산진구 부전동 475-8 번지(지상3층) ,010 -5512-9744
유흥주점영업,핑크,"부산광역시 부산진구 새싹로 29, 지하1층 (부전동)",부산광역시 부산진구 부전동 401-21 지하1층 , 
유흥주점영업,비스트,"부산광역시 부산진구 서면로 16 (부전동,(지하1층))",부산광역시 부산진구 부전동 534-1 (지하1층) , 
유흥주점영업,오마마,"부산광역시 부산진구 서면문화로 6-1, 3층 (부전동)",부산광역시 부산진구 부전동 259-12 (지상3층) ,051 -805 -4446
유흥주점영업,수박노래주점,"부산광역시 부산진구 골드테마길 69 (범천동,2층)",부산광역시 부산진구 범천동 847-1 2층 ,051 -646 -9701
유흥주점영업,불꽃포장,"부산광역시 부산진구 새싹로28번길 10, 지하1층 (부전동)",부산광역시 부산진구 부전동 395-21 지하1층 ,051 -809 -1959
유흥주점영업,웨이브노래주점,"부산광역시 부산진구 서면문화로 40, 지상2층 (부전동)",부산광역시 부산진구 부전동 403-15 지상2층 , 
유흥주점영업,아담소주맥주주점,"부산광역시 부산진구 서면로 37, 지하1층 (부전동)",부산광역시 부산진구 부전동 521-10 ,051 -802 -0497
유흥주점영업,강남콩,"부산광역시 부산진구 서면로 33 (부전동,(4층 일부))",부산광역시 부산진구 부전동 521-21 (4층 일부) , 
유흥주점영업,허니노래주점,"부산광역시 부산진구 부전로96번길 34-4, 2층 (부전동)",부산광역시 부산진구 부전동 477-20 , 
유흥주점영업,247노래타운(247 Music Town),"부산광역시 부산진구 중앙대로680번가길 15, 3층 (부전동)",부산광역시 부산진구 부전동 215-3 3층 ,051 -808 -3308
유흥주점영업,노블노래주점,"부산광역시 부산진구 부전로96번길 32 (부전동,번지(2층))",부산광역시 부산진구 부전동 477-1 번지(2층) ,051 -805 -0181
유흥주점영업,카리브,"부산광역시 부산진구 서면문화로 18-1, -1층 (부전동)",부산광역시 부산진구 부전동 397-21 지하1층 ,051 -805 -4296
유흥주점영업,신화노래주점,"부산광역시 부산진구 부전로20번길 32-5, 지하1층 (부전동)",부산광역시 부산진구 부전동 521-25 지하1층 ,051 -803 -7005
유흥주점영업,불꽃노래주점,부산광역시 부산진구 서면문화로 42-1 (부전동),부산광역시 부산진구 부전동 403-8 ,051 -806 -7414
유흥주점영업,루이뮤직하우스,"부산광역시 부산진구 서면로 33-9, 지상2층 (부전동)",부산광역시 부산진구 부전동 521-20 지상2층 , 
유흥주점영업,룩소,"부산광역시 부산진구 범일로131번길 71 (범천동,번지(지하1층))",부산광역시 부산진구 범천동 881-45 번지(지하1층) ,051 -632 -9734
유흥주점영업,콜포장타운,"부산광역시 부산진구 가야대로 783 (부전동,번지(지하1층))",부산광역시 부산진구 부전동 486-6 번지(지하1층) ,051 -804 -9600
유흥주점영업,부산항가라오케,"부산광역시 부산진구 부전로 73-1 (부전동,지하1층)",부산광역시 부산진구 부전동 512-1 지하1층 ,011 -871 -7575
유흥주점영업,은빛,"부산광역시 부산진구 중앙대로756번길 16, 지상2층 (부전동)",부산광역시 부산진구 부전동 126-1 지상2층 ,051 -805 -9542
유흥주점영업,고궁노래주점,"부산광역시 부산진구 중앙대로909번길 6 (양정동,번지 외 1필지(지하1층))",부산광역시 부산진구 양정동 393-18 번지 외 1필지(지하1층) , 
유흥주점영업,비너스노래주점,"부산광역시 부산진구 가야대로 480-1 (개금동,번지(지하1층))",부산광역시 부산진구 개금동 171-121 번지(지하1층) ,051 -896 -8696
유흥주점영업,쇼크2호점,"부산광역시 부산진구 중앙대로 687-1, 2,3층 (부전동)","부산광역시 부산진구 부전동 241-4 (2,3층) ",051 -806 -3421
유흥주점영업,황금노래주점,"부산광역시 부산진구 서면문화로5번길 17 (부전동,번지(2층일부))",부산광역시 부산진구 부전동 486-11 번지(2층일부) , 
유흥주점영업,싱씽노래주점,"부산광역시 부산진구 신천대로 195 (당감동,번지(2층))",부산광역시 부산진구 당감동 878-4 번지(2층) ,051 -893 -4667
유흥주점영업,1970새마을포차서면점,"부산광역시 부산진구 중앙대로680번가길 15, 2층 (부전동)",부산광역시 부산진구 부전동 215-3 (2층) ,070 -7379-7568
유흥주점영업,초코렛,"부산광역시 부산진구 서면문화로 24-1 (부전동,번지(지하1층일부))",부산광역시 부산진구 부전동 398-4 번지(지하1층일부) , 
유흥주점영업,뿌빠노래타운,"부산광역시 부산진구 서면로 29, 지하1층 (부전동)",부산광역시 부산진구 부전동 522-49 지하1층 ,051 -806 -6545
유흥주점영업,백두산,"부산광역시 부산진구 서면문화로5번길 30 (부전동,(지하1층))",부산광역시 부산진구 부전동 477-31 (지하1층) , 
유흥주점영업,21세기주점,"부산광역시 부산진구 새싹로29번길 12 (부전동,,6(지상2층))","부산광역시 부산진구 부전동 402-4 ,6(지상2층) ", 
유흥주점영업,궁전노래방,"부산광역시 부산진구 가야대로454번길 11 (개금동,(지하1층))",부산광역시 부산진구 개금동 177-282 (지하1층) ,051 -895 -3989
유흥주점영업,몽블랑,"부산광역시 부산진구 서면문화로 11 (부전동,(3층))",부산광역시 부산진구 부전동 475-3 (3층) ,051 -803 -0993
유흥주점영업,하모니노래주점,"부산광역시 부산진구 자유평화로3번길 14-21 (범천동,(2층))",부산광역시 부산진구 범천동 839-32 (2층) ,051 -627 -2555
유흥주점영업,7080노래주점,"부산광역시 부산진구 중앙대로755번길 25, 지하1층 (부전동)",부산광역시 부산진구 부전동 265-6 (지하1층) , 
유흥주점영업,나이스노래주점,부산광역시 부산진구 부전로96번길 37 (2층)층 (부전동),부산광역시 부산진구 부전동 474-44 (2층) , 
유흥주점영업,환상노래주점,"부산광역시 부산진구 신천대로62번길 지하 71, 1층 (부전동)",부산광역시 부산진구 부전동 240-15 ,051 -804 -6990
유흥주점영업,루비가라오케,"부산광역시 부산진구 부전로66번길 지하 12, 1층 (부전동)",부산광역시 부산진구 부전동 515-1 ,051 -818 -2069
유흥주점영업,밀키스노래주점,"부산광역시 부산진구 중앙대로 905 (양정동, 지하1층전체)",부산광역시 부산진구 양정동 394-33 (지하1층전체) , 
유흥주점영업,롯바,"부산광역시 부산진구 부전로96번길 26, 3층 (부전동)",부산광역시 부산진구 부전동 477-16 3층 , 
유흥주점영업,쇼크소주맥주주점,"부산광역시 부산진구 서면로 25, 지하1층 (부전동)",부산광역시 부산진구 부전동 522-4 지하1층 ,051 -804 -9969
유흥주점영업,메카소주호프,"부산광역시 부산진구 서면로 25, 지하1층 (부전동)",부산광역시 부산진구 부전동 522-4 지하1층 ,051 -804 -9969
유흥주점영업,가인노래주점,"부산광역시 부산진구 부전로20번길 28 (부전동, 지상3층전체)",부산광역시 부산진구 부전동 522-47 지상3층전체 , 
유흥주점영업,별천지노래주점,"부산광역시 부산진구 거제대로36번길 30 (양정동, 지하1층전체)",부산광역시 부산진구 양정동 394-20 지하1층전체 ,051 -868 -9166
유흥주점영업,247클럽라운지,"부산광역시 부산진구 중앙대로691번길 53, 2층 (부전동)",부산광역시 부산진구 부전동 524-17 , 
유흥주점영업,송타임,"부산광역시 부산진구 서면문화로 23, 6층 (부전동, 외4필지(MJ빌딩))",부산광역시 부산진구 부전동 474-2 외4필지(MJ빌딩6층) , 
유흥주점영업,기린노래방,"부산광역시 부산진구 새싹로 21-7, 2층 (부전동)",부산광역시 부산진구 부전동 397-6 외1필지(지상2층 일부) , 
유흥주점영업,솔내음,"부산광역시 부산진구 서면문화로 26, 4층 (부전동)",부산광역시 부산진구 부전동 398-8 4층 일부 , 
유흥주점영업,조은노래주점,"부산광역시 부산진구 거제대로36번길 26 (양정동, 지하1층일부)",부산광역시 부산진구 양정동 394-3 지하1층일부 , 
유흥주점영업,퀸즈노래주점,부산광역시 부산진구 중앙대로691번길 9 (부전동),부산광역시 부산진구 부전동 241-2 (지상4층일부) , 
유흥주점영업,동강,"부산광역시 부산진구 서면문화로 35 (부전동, 동강빌딩5층)",부산광역시 부산진구 부전동 406-33 동강빌딩5층 , 051- 819-2300
유흥주점영업,라티노,"부산광역시 부산진구 부전로 47, 지하1층 (부전동)",부산광역시 부산진구 부전동 514-5 외1필지 , 
유흥주점영업,타잔소주호프노래타운,"부산광역시 부산진구 서전로10번길 61, 지상2층 201호 (부전동, 쥬디스태화신관)",부산광역시 부산진구 부전동 183-1 지상2층 201호 쥬디스태화신관 ,051 -807 -8048
유흥주점영업,인스타,"부산광역시 부산진구 서면로 25, 지상9층 (부전동, 서면삼환골든뷰)","부산광역시 부산진구 부전동 522-4 지상9층, 서면삼환골든뷰 ",051 -818 -2023
유흥주점영업,유니크,"부산광역시 부산진구 서면로 25, 지상10층 (부전동, 서면삼한골든뷰)","부산광역시 부산진구 부전동 522-4 지상10층, 서면삼한골든뷰 ",051 -818 -2025
유흥주점영업,77노래주점,"부산광역시 부산진구 전포대로275번길 65, 3층 (전포동)",부산광역시 부산진구 전포동 874-12 , 
유흥주점영업,소풍,"부산광역시 부산진구 부전로20번길 40-8, 지하1층 (부전동)",부산광역시 부산진구 부전동 521-18 지하1층 , 
유흥주점영업,길자노래주점,"부산광역시 부산진구 중앙대로691번가길 23-1, 지하1층 (부전동)",부산광역시 부산진구 부전동 515-44 지하1층 ,070 -7356-4262
유흥주점영업,일번가,"부산광역시 부산진구 중앙대로691번길 53, 지하1층 (부전동)","부산광역시 부산진구 부전동 524-17 외 3필지, 지하1층 ",051 -803 -9839
유흥주점영업,금촌노래방주점,"부산광역시 부산진구 골드테마길 37, 지하1층 (범천동)",부산광역시 부산진구 범천동 846-22 , 
유흥주점영업,홀인원노래주점,"부산광역시 부산진구 서면문화로 39 (부전동, 지상2층일부)",부산광역시 부산진구 부전동 406-67 지상2층일부 , 051- 802-4546
유흥주점영업,테너,"부산광역시 부산진구 새싹로8번길 36 (부전동, 지하1층전부)",부산광역시 부산진구 부전동 266-30 지하1층전부 , 051- 809-1150
유흥주점영업,헬로우,"부산광역시 부산진구 서면로 19-12, 지상3층 (부전동, 미소미빌딩비동)",부산광역시 부산진구 부전동 522-15 외 1필지 지상3층 미소미빌딩비동 , 
유흥주점영업,엔젤,"부산광역시 부산진구 새싹로29번길 5, 2층 (부전동)",부산광역시 부산진구 부전동 400-1 , 
유흥주점영업,쇼,"부산광역시 부산진구 새싹로8번길 11, 지하1층 (부전동)",부산광역시 부산진구 부전동 262-10 , 
유흥주점영업,설탕,"부산광역시 부산진구 서면로 23, 지상4층 (부전동, 미소미빌딩비동)","부산광역시 부산진구 부전동 522-15 외 1필지, 지상4층 미소미빌딩비동 ", 
유흥주점영업,썸,"부산광역시 부산진구 신암로83번길 6, 2층 (범천동)",부산광역시 부산진구 범천동 1234-10 2층 , 
유흥주점영업,썬노래주점,"부산광역시 부산진구 새싹로8번길 5 (부전동, 지하1층)",부산광역시 부산진구 부전동 261-11 , 
유흥주점영업,큐원탁 라이브,"부산광역시 부산진구 새싹로28번길 12, 지하1층 (부전동)",부산광역시 부산진구 부전동 395-5 , 
유흥주점영업,탑스,"부산광역시 부산진구 중앙대로909번길 5, 지하1층 (양정동)",부산광역시 부산진구 양정동 394-13 , 
유흥주점영업,팡팡,"부산광역시 부산진구 부전로152번길 71, 지하1층 (부전동)",부산광역시 부산진구 부전동 262-11 , 
유흥주점영업,대월,"부산광역시 부산진구 서면로 37-1, 2층 (부전동)",부산광역시 부산진구 부전동 521-9 , 051- 803-3833
유흥주점영업,원탁가라오케,"부산광역시 부산진구 부전로152번길 55, 지하1층 (부전동)",부산광역시 부산진구 부전동 264-10 , 
유흥주점영업,보리수노래주점,"부산광역시 부산진구 새싹로14번길 19, 2층 (부전동)",부산광역시 부산진구 부전동 264-22 , 
유흥주점영업,설탕,"부산광역시 부산진구 서면로 38, 지하1층 (부전동)",부산광역시 부산진구 부전동 240-3 지하1층 , 
유흥주점영업,해바라기주점,"부산광역시 부산진구 새싹로 21-5, 2층 (부전동)",부산광역시 부산진구 부전동 397-5 , 
유흥주점영업,영영노래주점,"부산광역시 부산진구 새싹로8번길 36, 2층 (부전동)",부산광역시 부산진구 부전동 266-30 , 
유흥주점영업,한국관황진이포장,"부산광역시 부산진구 새싹로 17-1, 2층 (부전동)",부산광역시 부산진구 부전동 397-9 부산부전1동우체국 , 
유흥주점영업,짱노래주점,"부산광역시 부산진구 부전로152번길 68, 지하1층 (부전동)",부산광역시 부산진구 부전동 261-2 , 
유흥주점영업,비노래주점,"부산광역시 부산진구 중앙대로680번가길 18, 3층 (부전동)",부산광역시 부산진구 부전동 217-6 , 
유흥주점영업,친구7080라이브,"부산광역시 부산진구 부전로96번길 30, 2층 (부전동)",부산광역시 부산진구 부전동 477-14 , 051- 817-8087
유흥주점영업,알리바바,"부산광역시 부산진구 서면로68번길 52, 2층 (부전동)",부산광역시 부산진구 부전동 242-13 , 
유흥주점영업,필,"부산광역시 부산진구 새싹로8번길 10, 2층 (부전동)",부산광역시 부산진구 부전동 260-18 , 
유흥주점영업,금나리유흥주점,"부산광역시 부산진구 부전로140번길 31, 상지빌딩 2층 (부전동)",부산광역시 부산진구 부전동 352-13 상지빌딩 , 
유흥주점영업,미녀봉실내포장센타,"부산광역시 부산진구 새싹로 5, 지하1층 (부전동)",부산광역시 부산진구 부전동 259-2 , 
유흥주점영업,살롱(Salon),"부산광역시 부산진구 서면로 23, 5층 (부전동)",부산광역시 부산진구 부전동 522-5 , 
유흥주점영업,아담소주호프,부산광역시 부산진구 서면로 37 (주)진흥빌딩 3층 (부전동),부산광역시 부산진구 부전동 521-10 (주)진흥빌딩 , 
유흥주점영업,에이원노래주점(A1노래주점),"부산광역시 부산진구 부전로20번길 32-8, 지하1층 (부전동)",부산광역시 부산진구 부전동 522-43 , 
유흥주점영업,뿌빠노래타운1,"부산광역시 부산진구 서면로 29, 2층 (부전동)",부산광역시 부산진구 부전동 522-49 , 
유흥주점영업,달고나,"부산광역시 부산진구 서면로 23, 2층 (부전동)",부산광역시 부산진구 부전동 522-5 , 
유흥주점영업,히어로,"부산광역시 부산진구 중앙대로691번길 32, 7층 701호 (부전동)",부산광역시 부산진구 부전동 517-60 , 
유흥주점영업,카카오,"부산광역시 부산진구 중앙대로691번길 32, 6층 601호 (부전동)",부산광역시 부산진구 부전동 517-60 ,051 -809 -8585
유흥주점영업,퍼스트,"부산광역시 부산진구 서면로 16, 3층 (부전동)",부산광역시 부산진구 부전동 534-1 , 
유흥주점영업,클래스,"부산광역시 부산진구 서면로 16, 2층 (부전동)",부산광역시 부산진구 부전동 534-1 , 
유흥주점영업,밀크,"부산광역시 부산진구 신천대로62번길 38, 3층 (부전동)",부산광역시 부산진구 부전동 232-47 , 
유흥주점영업,삼사오(345),"부산광역시 부산진구 중앙대로680번가길 33-9, 2층 (부전동)",부산광역시 부산진구 부전동 188-2 ,051 -802 -1345
단란주점,챤스실비,부산광역시 부산진구 새싹로28번길 34 (부전동),부산광역시 부산진구 부전동 264-25 , 051- 818-4165
단란주점,리프네노래주점,"부산광역시 부산진구 서전로10번길 29, 지하1층 (부전동)",부산광역시 부산진구 부전동 168-138 ,051 -817 -2468
단란주점,궁전7080라이브,부산광역시 부산진구 부전로 89 (부전동),부산광역시 부산진구 부전동 466-15 , 051- 819-8669
단란주점,용궁,부산광역시 부산진구 신천대로65번길 68 (범천동),부산광역시 부산진구 범천동 875-1 , 
단란주점,미주,부산광역시 부산진구 새싹로8번길 14-1 (부전동),부산광역시 부산진구 부전동 260-59 ,051 -804 -6577
단란주점,빌런(villain),"부산광역시 부산진구 중앙대로680번가길 12-5, 지하1층 (부전동)",부산광역시 부산진구 부전동 217-4 , 
단란주점,버킹검,부산광역시 부산진구 부전로140번길 12 (부전동),부산광역시 부산진구 부전동 394-10 ,
단란주점,쟈바,부산광역시 부산진구 새싹로 152 (연지동),부산광역시 부산진구 연지동 162-5 , 051- 819-4508
단란주점,파도노래주점,"부산광역시 부산진구 중앙대로755번길 24 (부전동,(지하1층))",부산광역시 부산진구 부전동 268-3 (지하1층) , 051- 818-0656
단란주점,시대,부산광역시 부산진구 새싹로8번길 11 (부전동),부산광역시 부산진구 부전동 262-10 , 051- 805-0040
단란주점,청단란주점, ,부산광역시 부산진구 범전동 429-1 , 051- 817-7188
단란주점,황진이,"부산광역시 부산진구 중앙대로743번길 18 (부전동,(지하1층))",부산광역시 부산진구 부전동 263-1 (지하1층) , 051- 807-2761
단란주점,내사랑,"부산광역시 부산진구 새싹로 5-1, 지하1층 (부전동)",부산광역시 부산진구 부전동 259-18 (지하1층) , 051- 807-2199
단란주점,만선,부산광역시 부산진구 동평로 99-1 (당감동),부산광역시 부산진구 당감동 302-22 , 051- 805-6380
단란주점,새미단란주점,부산광역시 부산진구 서면문화로 16 (부전동),부산광역시 부산진구 부전동 397-56 , 051- 817-0247
단란주점,로빈,부산광역시 부산진구 새싹로 148 (연지동),부산광역시 부산진구 연지동 161 , 051- 804-8422
단란주점,나는가수다,"부산광역시 부산진구 가야대로703번가길 3 (당감동,[2009.6.01 행정구역변경(범천=>당감)])",부산광역시 부산진구 당감동 964 [2009.6.01 행정구역변경(범천=>당감)] , 051- 816-9340
단란주점,멜로디,부산광역시 부산진구 신암로 82 (범천동),부산광역시 부산진구 범천동 1254-56 , 051- 634-6599
단란주점,영노래주점,부산광역시 부산진구 신암로 128 (범천동),부산광역시 부산진구 범천동 1181-7 , 
단란주점,파크, ,부산광역시 부산진구 부전동 514-135 , 051- 818-0362
단란주점,동원,부산광역시 부산진구 부전로20번길 9 (부전동),부산광역시 부산진구 부전동 523-2 , 051- 806-7887
단란주점,옥돌실내포장,"부산광역시 부산진구 당감로 46 (당감동,(2층))",부산광역시 부산진구 당감동 282-5 (2층) , 051- 896-4030
단란주점,7080라이브,"부산광역시 부산진구 중앙대로691번가길 13, 3층 (부전동)",부산광역시 부산진구 부전동 515-8 65 ,070 -7531-8567
단란주점,황제,부산광역시 부산진구 당감로 46 (당감동),부산광역시 부산진구 당감동 282-5 , 051- 896-0505
단란주점,태화,부산광역시 부산진구 중앙대로680번가길 33-9 (부전동),부산광역시 부산진구 부전동 187-4 , 051- 809-9078
단란주점,브이.아이.피,부산광역시 부산진구 부전로 19 (부전동),부산광역시 부산진구 부전동 527-3 , 051- 816-7306
단란주점,팔방미노래주점,부산광역시 부산진구 신암로83번길 6 (범천동),부산광역시 부산진구 범천동 1234-10 ,051 -631 -8062
단란주점,불티나노래주점,부산광역시 부산진구 서면문화로 22-6 (부전동),부산광역시 부산진구 부전동 397-18 , 051- 817-7664
단란주점,엔젤노래주점,"부산광역시 부산진구 새싹로 277, 지하1층 (초읍동)",부산광역시 부산진구 초읍동 292-33 지하1층 ,051 -8078-227
단란주점,사군자,부산광역시 부산진구 복지로 42 (개금동),부산광역시 부산진구 개금동 540-29 ,051 -894 -4873
단란주점,골든벨,부산광역시 부산진구 범일로 140-1 (범천동),부산광역시 부산진구 범천동 721-122 ,
단란주점,여러분,부산광역시 부산진구 중앙대로691번가길 24-12 (부전동),부산광역시 부산진구 부전동 519-36 , 051- 806-8485
단란주점,핑크힐,부산광역시 부산진구 부전로20번길 42 (부전동),부산광역시 부산진구 부전동 521-15 , 051- 806-4676
단란주점,꿈 가라오케,부산광역시 부산진구 새싹로8번길 37 (부전동),부산광역시 부산진구 부전동 265-2 ,
단란주점,오란다,"부산광역시 부산진구 동평로 103 (당감동,(지하1층))",부산광역시 부산진구 당감동 302-5 (지하1층) , 051- 894-4484
단란주점,히로인,부산광역시 부산진구 전포대로210번길 18 (전포동),부산광역시 부산진구 전포동 313-40 , 051- 805-1612
단란주점,김삿갓노래주점,부산광역시 부산진구 동평로 103-4 (당감동),부산광역시 부산진구 당감동 303-14 , 051- 897-6123
단란주점,목로주점,부산광역시 부산진구 서전로 62 (전포동),부산광역시 부산진구 전포동 206-4 ,
단란주점,비치,부산광역시 부산진구 중앙대로691번길 43 (부전동),부산광역시 부산진구 부전동 524-7 , 051- 806-1555
단란주점,샤넬,부산광역시 부산진구 부전로 19 (부전동),부산광역시 부산진구 부전동 527-3 , 051- 817-0258
단란주점,지구촌,부산광역시 부산진구 새싹로8번길 32 (부전동),부산광역시 부산진구 부전동 266-31 ,
단란주점,미인(美人),"부산광역시 부산진구 서면로 21-1 (부전동,,30,32,37)","부산광역시 부산진구 부전동 522-6 ,30,32,37 ", 051- 808-8080
단란주점,라일락노래주점,"부산광역시 부산진구 서면문화로5번길 9 (부전동,(지하1층))",부산광역시 부산진구 부전동 486-3 (지하1층) , 
단란주점,유토피아,부산광역시 부산진구 동천로 113 (부전동),부산광역시 부산진구 부전동 110-1 , 051- 816-7781
단란주점,골드단란주점,부산광역시 부산진구 범일로142번길 16 (범천동),부산광역시 부산진구 범천동 837-28 ,
단란주점,큐,부산광역시 부산진구 동평로 205 (부암동),부산광역시 부산진구 부암동 18-9 , 051- 805-9885
단란주점,배꼽단란주점,부산광역시 부산진구 양지로 6-1 (양정동),부산광역시 부산진구 양정동 363-4 , 051- 867-5811
단란주점,오페라,부산광역시 부산진구 황령대로 2 (범천동),부산광역시 부산진구 범천동 855-6 , 051- 647-4992
단란주점,생방송,부산광역시 부산진구 복지로 51 (개금동),부산광역시 부산진구 개금동 540-99 , 051- 892-5172
단란주점,즐거운시간,"부산광역시 부산진구 서전로 59 (전포동,,27)","부산광역시 부산진구 전포동 202-12 ,27 ", 051- 816-4915
단란주점,원샷,"부산광역시 부산진구 전포대로 230-1, 지하1층 (전포동)",부산광역시 부산진구 전포동 207-46 (지하1층) ,051 -817 -5454
단란주점,25시,부산광역시 부산진구 동평로 108 (당감동),부산광역시 부산진구 당감동 300-25 , 051- 892-9807
단란주점,소망,부산광역시 부산진구 새싹로 39 (부전동),부산광역시 부산진구 부전동 401-8 ,
단란주점,스타노래주점,부산광역시 부산진구 서면문화로 8-6 (부전동),부산광역시 부산진구 부전동 259-19 , 051- 808-9917
단란주점,오페라 노래주점,부산광역시 부산진구 동평로291번길 5 (연지동),부산광역시 부산진구 연지동 41-27 , 051- 802-3141
단란주점,월드컵,부산광역시 부산진구 신암로135번길 12 (범천동),부산광역시 부산진구 범천동 1144-34 , 051- 635-4041
단란주점,황제,부산광역시 부산진구 서면로68번길 5 (부전동),부산광역시 부산진구 부전동 257-44 ,
단란주점,밀크단란주점,"부산광역시 부산진구 새싹로 287 (초읍동,,54,55)","부산광역시 부산진구 초읍동 292-19 ,54,55 ", 051- 808-5066
단란주점,가을풍경,부산광역시 부산진구 서면문화로 5 (부전동),부산광역시 부산진구 부전동 486-1 , 051- 817-3893
단란주점,금호,"부산광역시 부산진구 동평로 112 (당감동,,15)","부산광역시 부산진구 당감동 887-9 ,15 ", 051- 891-7434
단란주점,콤비콤비,부산광역시 부산진구 동평로 97 (당감동),부산광역시 부산진구 당감동 304-29 , 051- 896-4680
단란주점,야시장노래주점,부산광역시 부산진구 중앙대로691번길 52 (부전동),부산광역시 부산진구 부전동 520-38 , 051- 805-3447
단란주점,양정회관,부산광역시 부산진구 중앙대로970번길 8 (양정동),부산광역시 부산진구 양정동 270-2 , 051- 868-4708
단란주점,축제,"부산광역시 부산진구 동천로 110 (전포동,,15)","부산광역시 부산진구 전포동 660-5 ,15 ", 051- 805-8528
단란주점,은화,"부산광역시 부산진구 새싹로28번길 23, 지하1층 (부전동)",부산광역시 부산진구 부전동 351-14 (지하1층) , 051- 803-1933
단란주점,열린음악회,"부산광역시 부산진구 황령대로 4, 지하1층 (범천동)",부산광역시 부산진구 범천동 855-14 지하1층일부 , 051- 634-8693
단란주점,나폴레온,부산광역시 부산진구 부전로152번길 27 (부전동),부산광역시 부산진구 부전동 347-26 , 051- 816-3313
단란주점,훼밀리영상주점,부산광역시 부산진구 동천로108번길 26 (전포동),부산광역시 부산진구 전포동 667-6 , 051- 808-6698
단란주점,퀸,"부산광역시 부산진구 동천로 67-3 (부전동,(지하1층))",부산광역시 부산진구 부전동 170-39 (지하1층) ,
단란주점,꼭지,부산광역시 부산진구 거제대로 16-3 (양정동),부산광역시 부산진구 양정동 401-33 , 051- 867-8707
단란주점,사이판,부산광역시 부산진구 백양대로 260 (개금동),부산광역시 부산진구 개금동 218-3 , 051- 891-1788
단란주점,지티에스,부산광역시 부산진구 범일로154번길 20 (범천동),부산광역시 부산진구 범천동 845-128 , 051- 647-5511
단란주점,럭키,"부산광역시 부산진구 부전로20번길 14 (부전동,외1)",부산광역시 부산진구 부전동 522-21 외1 , 051- 806-5257
단란주점,석화,부산광역시 부산진구 동평로406번길 19 (양정동),부산광역시 부산진구 양정동 389-18 , 051- 862-2896
단란주점,파티파티,부산광역시 부산진구 새싹로 34 (부전동),부산광역시 부산진구 부전동 394-30 , 051- 809-5942
단란주점,더킹,부산광역시 부산진구 서전로9번길 36 (부전동),부산광역시 부산진구 부전동 126-5 ,051 -818 -1311
단란주점,늘봄실비주점,부산광역시 부산진구 새싹로 26 (부전동),부산광역시 부산진구 부전동 396-19 , 051- 808-9040
단란주점,큰돌포장클럽,부산광역시 부산진구 동평로 101 (당감동),부산광역시 부산진구 당감동 302-11 ,019 -688 -6769
단란주점,마이바흐,부산광역시 부산진구 신천대로62번길 47 (부전동),부산광역시 부산진구 부전동 233-14 ,
단란주점,플라밍고,부산광역시 부산진구 부전로 40 (부전동),부산광역시 부산진구 부전동 524-40 , 051- 806-8088
단란주점,더씨씨,"부산광역시 부산진구 신천대로62번길 32, 2층 (부전동)",부산광역시 부산진구 부전동 535-2 (2층) , 
단란주점,킹카노래주점,부산광역시 부산진구 동평로406번길 61 (양정동),부산광역시 부산진구 양정동 394-30 , 051- 867-0213
단란주점,행운,"부산광역시 부산진구 새싹로8번길 42, 지하1층 (부전동)",부산광역시 부산진구 부전동 266-13 (지하1층) ,051 -808 -7706
단란주점,씨엔엔(C.N.N.),"부산광역시 부산진구 백양대로 259-1 (개금동,,209-7)","부산광역시 부산진구 개금동 208-23 ,209-7 ", 051- 893-0717
단란주점,모마,부산광역시 부산진구 서면로 69 (부전동),부산광역시 부산진구 부전동 490-17 , 051- 806-0033
단란주점,물보라,부산광역시 부산진구 중앙대로 964 (양정동),부산광역시 부산진구 양정동 270-11 , 051- 865-7557
단란주점,스타단란주점,"부산광역시 부산진구 동평로 94-1 (당감동,번지(지하1층))",부산광역시 부산진구 당감동 289-12 번지(지하1층) , 051- 896-2816
단란주점,마돈나,부산광역시 부산진구 신천대로 200 (부암동),부산광역시 부산진구 부암동 133-60 , 051- 808-0112
단란주점,우정단란,"부산광역시 부산진구 새싹로8번길 16, 지하1층 (부전동)",부산광역시 부산진구 부전동 260-15 (지하1층) , 051- 802-0180
단란주점,피크타임,부산광역시 부산진구 중앙대로 974 (양정동),부산광역시 부산진구 양정동 145-8 , 051- 865-6004
단란주점,스뎅,부산광역시 부산진구 서면로68번길 52 (부전동),부산광역시 부산진구 부전동 242-18 , 051- 809-1822
단란주점,띠에라,부산광역시 부산진구 백양대로 235 (개금동),부산광역시 부산진구 개금동 258-1 , 051- 898-1744
단란주점,와이투이케이 노래주점,부산광역시 부산진구 양지로5번길 13 (양정동),부산광역시 부산진구 양정동 353-28 , 051- 864-0661
단란주점,한마당,부산광역시 부산진구 동평로420번길 17 (양정동),부산광역시 부산진구 양정동 369-13 , 051- 867-3287
단란주점,그린,부산광역시 부산진구 전포대로122번길 5 (전포동),부산광역시 부산진구 전포동 375-35 ,
단란주점,스타단란주점,부산광역시 부산진구 대학로 3 (가야동),부산광역시 부산진구 가야동 379-3 , 051- 893-9604
단란주점,가자노래방,부산광역시 부산진구 범일로192번길 23 (범천동),부산광역시 부산진구 범천동 854-23 , 051- 644-7585
단란주점,티나클럽,부산광역시 부산진구 범일로125번길 18 (범천동),부산광역시 부산진구 범천동 62-56 , 051- 647-0283
단란주점,세느,"부산광역시 부산진구 백양대로 255 (개금동,,15)","부산광역시 부산진구 개금동 277-12 ,15 ", 051- 896-4595
단란주점,아마존노래주점,"부산광역시 부산진구 서면로 36, 지상3층 (부전동)",부산광역시 부산진구 부전동 240-4 지상3층 ,
단란주점,피노키오노래주점,"부산광역시 부산진구 신천대로 202, 지하1층 (부암동)",부산광역시 부산진구 부암동 133-54 지하1층 , 
단란주점,태양,"부산광역시 부산진구 서면문화로 6 (부전동,(지하1층))",부산광역시 부산진구 부전동 259-5 (지하1층) , 051- 819-2220
단란주점,명근,부산광역시 부산진구 전포대로306번길 37 (전포동),부산광역시 부산진구 전포동 143-4 , 051- 819-2009
단란주점,호박실비쎈타,부산광역시 부산진구 신천대로 190-1 (부암동),부산광역시 부산진구 부암동 637-61 , 051- 803-9641
단란주점,미인바,"부산광역시 부산진구 중앙대로691번가길 13, 지하1층 (부전동)",부산광역시 부산진구 부전동 515-8 지하1층 , 051- 805-0191
단란주점,갤럭시,부산광역시 부산진구 범일로 140-1 (범천동),부산광역시 부산진구 범천동 721-122 ,
단란주점,소나무,부산광역시 부산진구 가야대로498번길 12 (개금동),부산광역시 부산진구 개금동 165-1 , 051- 896-2700
단란주점,포유단란주점,"부산광역시 부산진구 가야대로784번길 29 (부전동,외1)",부산광역시 부산진구 부전동 502-26 외1 , 051- 808-3388
단란주점,세컨드(2nd),"부산광역시 부산진구 서면로 28-1, 지상3층 (부전동)",부산광역시 부산진구 부전동 233-4 지상3층 , 
단란주점,태양,부산광역시 부산진구 중앙대로 975 (양정동),부산광역시 부산진구 양정동 128-2 , 
단란주점,엑시트(EXIT),"부산광역시 부산진구 서면로 21-1, 지하1층 (부전동)",부산광역시 부산진구 부전동 522-6 지하1층 , 051- 802-4001
단란주점,초록,부산광역시 부산진구 부전로96번길 30 (부전동),부산광역시 부산진구 부전동 477-14 , 051- 806-1329
단란주점,스카이,부산광역시 부산진구 동평로 105-1 (당감동),부산광역시 부산진구 당감동 302-3 ,051 -893 -8085
단란주점,동그라미원,"부산광역시 부산진구 서면로 29-10 (부전동,(지하1층))",부산광역시 부산진구 부전동 521-23 (지하1층) ,
단란주점,치치노래주점,"부산광역시 부산진구 동천로107번길 17, 지하1층 (부전동)",부산광역시 부산진구 부전동 142-4 (지하1층) , 
단란주점,발렌타인 원,부산광역시 부산진구 가야대로784번길 49 (부전동),부산광역시 부산진구 부전동 517-27 , 051- 808-9888
단란주점,황제,부산광역시 부산진구 개금온정로 6-1 (개금동),부산광역시 부산진구 개금동 197-1 , 051- 894-9100
단란주점,신암노래주점,부산광역시 부산진구 신암로 69-1 (범천동),부산광역시 부산진구 범천동 1263-2 , 051- 647-6464
단란주점,발리, ,"부산광역시 부산진구 당감동 887-6 ,7,8 ", 051- 897-8225
단란주점,오사까,부산광역시 부산진구 부전로162번길 3 (부전동),부산광역시 부산진구 부전동 347-41 , 051- 807-3488
단란주점,첫사랑,부산광역시 부산진구 새싹로 22-1 (부전동),부산광역시 부산진구 부전동 396-14 , 051- 802-2319
단란주점,아지트(AGIT),부산광역시 부산진구 부전로 1 (부전동),부산광역시 부산진구 부전동 532-39 , 051- 819-0084
단란주점,활주로노래주점,부산광역시 부산진구 냉정로 219 (개금동),부산광역시 부산진구 개금동 171-23 , 051- 891-0625
단란주점,여시(女시)노래주점,부산광역시 부산진구 가야대로784번길 46-11 (부전동),부산광역시 부산진구 부전동 519-30 ,051 -802 -1421
단란주점,캡노래주점,부산광역시 부산진구 양지로8번길 6 (양정동),부산광역시 부산진구 양정동 363-10 , 051- 852-0932
단란주점,송학주점,부산광역시 부산진구 연수로 17 (양정동),부산광역시 부산진구 양정동 310-12 , 051- 861-4766
단란주점,에로스,"부산광역시 부산진구 중앙대로691번길 45, 지상3층 (부전동)",부산광역시 부산진구 부전동 524-9 지상3층 , 051- 806-2253
단란주점,은좌단란주점, ,부산광역시 부산진구 부전동 524-39 ,
단란주점,보카, ,부산광역시 부산진구 부전동 524-39 , 051- 819-0011
단란주점,초원,부산광역시 부산진구 중앙대로743번길 24 (부전동),부산광역시 부산진구 부전동 263-11 ,010 -9735-0145
단란주점,방실이노래주점,"부산광역시 부산진구 새싹로28번길 32 (부전동,12,30)","부산광역시 부산진구 부전동 264-11 12,30 ",
단란주점,색소폰7080라이브,부산광역시 부산진구 동성로 130 (전포동),부산광역시 부산진구 전포동 588-6 , 051- 808-2744
단란주점,궁전,"부산광역시 부산진구 동평로406번길 29 (양정동,(2층))",부산광역시 부산진구 양정동 389-5 (2층) ,051 -853 -1590
단란주점,팔방,"부산광역시 부산진구 서전로9번길 6 (부전동,번지(2층))",부산광역시 부산진구 부전동 142-13 번지(2층) , 051- 802-4334
단란주점,금정단란주점,부산광역시 부산진구 새싹로8번길 26 (부전동),부산광역시 부산진구 부전동 266-7 , 051- 808-3377
단란주점,수정,부산광역시 부산진구 가야대로482번길 9 (개금동),부산광역시 부산진구 개금동 171-41 , 051- 897-8973
단란주점,궁,"부산광역시 부산진구 중앙대로 651 (부전동,,18)","부산광역시 부산진구 부전동 535-17 ,18 ", 051- 818-1711
단란주점,토마토,부산광역시 부산진구 새싹로 287-1 (초읍동),부산광역시 부산진구 초읍동 292-23 , 
단란주점,별나라,부산광역시 부산진구 새싹로14번길 23 (부전동),부산광역시 부산진구 부전동 264-6 , 051- 808-5525
단란주점,추억의원탁가라오케,"부산광역시 부산진구 중앙대로691번가길 24-5 (부전동,(2층))",부산광역시 부산진구 부전동 516-71 (2층) , 051- 802-5651
단란주점,카조꾸,부산광역시 부산진구 부전로 56-2 (부전동),부산광역시 부산진구 부전동 515-48 , 
단란주점,라이브,부산광역시 부산진구 냉정로 221 (개금동),부산광역시 부산진구 개금동 171-54 , 051- 893-7008
단란주점,세라,부산광역시 부산진구 신천대로102번길 29 (부전동),부산광역시 부산진구 부전동 525-4 , 
단란주점,비행기,부산광역시 부산진구 새싹로 279 (초읍동),부산광역시 부산진구 초읍동 292-29 ,051- 805-1918
단란주점,세라톤,부산광역시 부산진구 새싹로 278 (초읍동),부산광역시 부산진구 초읍동 291-15 ,051- 809-3700
단란주점,해와달,부산광역시 부산진구 서면문화로 43 (부전동),부산광역시 부산진구 부전동 406-1 , 051- 817-0352
단란주점,애플노래주점,부산광역시 부산진구 개금온정로 9 (개금동),부산광역시 부산진구 개금동 196 , 
단란주점,수,부산광역시 부산진구 새싹로 285 (초읍동),부산광역시 부산진구 초읍동 292-10 , 051- 817-7717
단란주점,크리스탈,부산광역시 부산진구 중앙대로909번길 35 (양정동),부산광역시 부산진구 양정동 389-2 , 
단란주점,서진,"부산광역시 부산진구 백양순환로164번길 3, 지하1층 (부암동)",부산광역시 부산진구 부암동 346-7 , 051- 819-8085
단란주점,롯데,부산광역시 부산진구 동평로 418 (양정동),부산광역시 부산진구 양정동 370-22 , 051-851 -8863
단란주점,스탑,"부산광역시 부산진구 부전로 46 (부전동,(2층))",부산광역시 부산진구 부전동 524-35 (2층) , 051- 805-2710
단란주점,보라보라2노래주점,부산광역시 부산진구 초읍천로 110 (초읍동),부산광역시 부산진구 초읍동 292-2 ,010 -8520-385 
단란주점,라일락,부산광역시 부산진구 서전로 9 (부전동),부산광역시 부산진구 부전동 142-14 , 051- 804-6805
단란주점,장미노래주점,"부산광역시 부산진구 골드테마길 61, 2층 (범천동)",부산광역시 부산진구 범천동 847-29 (2층) , 
단란주점,지지(GG)노래타운,부산광역시 부산진구 동성로 133 (전포동),부산광역시 부산진구 전포동 635-1 , 051- 819-7776
단란주점,코메디7080크럽,부산광역시 부산진구 연수로 25-1 (양정동),부산광역시 부산진구 양정동 271-52 ,051 -868 -3258
단란주점,히트,부산광역시 부산진구 성지로 158 (초읍동),부산광역시 부산진구 초읍동 171-16 ,051- 803-3886
단란주점,백악관1994,"부산광역시 부산진구 부전로20번길 47, 1층 (부전동)",부산광역시 부산진구 부전동 524-46 (524-32외 8필지) ,051 -819 -0025
단란주점,유정 단란주점,부산광역시 부산진구 신암로135번길 6 (범천동),부산광역시 부산진구 범천동 1144-25 , 
단란주점,마인드,"부산광역시 부산진구 서면로 26, 지상3층 (부전동)",부산광역시 부산진구 부전동 233-6 지상3층 , 
단란주점,렉시 바(BAR),"부산광역시 부산진구 가야대로784번길 64 (부전동,(2층))",부산광역시 부산진구 부전동 520-9 (2층) ,0707-572 -1145
단란주점,대박노래주점,"부산광역시 부산진구 중앙대로743번길 19, 지하1층 (부전동)",부산광역시 부산진구 부전동 262-5 , 
단란주점,오마마2,"부산광역시 부산진구 서면문화로 6-1, 3층 (부전동)",부산광역시 부산진구 부전동 259-12 (지상3층) ,051 -805 -4446
단란주점,오륙도노래주점,"부산광역시 부산진구 연수로 24 (양정동,(2층))",부산광역시 부산진구 양정동 93-1 (2층) ,051 -852 -1788
단란주점,조아니,"부산광역시 부산진구 새싹로29번길 14 (부전동,번지 외1필지(2층일부))",부산광역시 부산진구 부전동 403-27 번지 외1필지(2층일부) , 
단란주점,라이브 단란주점,"부산광역시 부산진구 자유평화로3번길 14-21 (범천동,(2층))",부산광역시 부산진구 범천동 839-32 (2층) ,051 -636 -2336
단란주점,신나라노래주점,"부산광역시 부산진구 가야대로482번길 16, 지하1층 (개금동)",부산광역시 부산진구 개금동 171-69 (지하1층) , 
단란주점,놀이터,"부산광역시 부산진구 동평로 107 (부암동, 지하1층전체)",부산광역시 부산진구 부암동 346-15 지하1층전체 ,051 -807 -9693
단란주점,미미크럽,"부산광역시 부산진구 연수로 49 (양정동, 지하1층전체)",부산광역시 부산진구 양정동 138-22 지하1층전체 ,051 -892 -2928
단란주점,레드노래빠,"부산광역시 부산진구 서면문화로5번길 21, 2층 (부전동)",부산광역시 부산진구 부전동 485-16 , 
단란주점,호바투,"부산광역시 부산진구 중앙대로692번길 31, 4층 (부전동)",부산광역시 부산진구 부전동 172-5 , 
단란주점,산울림,"부산광역시 부산진구 신천대로62번길 44, 8층 (부전동)",부산광역시 부산진구 부전동 232-16 지상8층일부 , 051- 809-8876
단란주점,엔젤,"부산광역시 부산진구 새싹로8번길 7 (부전동, 지하1층)",부산광역시 부산진구 부전동 261-7 지하1층 , 051- 817-8005
단란주점,우리동네7080,"부산광역시 부산진구 중앙대로 611-2, 지하1층 (범천동)",부산광역시 부산진구 범천동 870-24 , 
단란주점,추억원탁가라오케,"부산광역시 부산진구 성지로 154 (초읍동, 지하1층전부)",부산광역시 부산진구 초읍동 171-10 지하1층전부 , 051- 803-8882
단란주점,에이지라운지,"부산광역시 부산진구 범일로 146-1, 11층 (범천동)",부산광역시 부산진구 범천동 846-19 , 
단란주점,미술,"부산광역시 부산진구 중앙대로691번길 28-1, 지상1층 (부전동)",부산광역시 부산진구 부전동 517-54 지상1층 ,051 -818 -8520
단란주점,골드바,"부산광역시 부산진구 서면로 23, 지상3층 (부전동)",부산광역시 부산진구 부전동 522-5 , 
단란주점,즐거운단란주점,"부산광역시 부산진구 연수로 4-1, 지하1층 (양정동)",부산광역시 부산진구 양정동 336-6 , 
단란주점,콩깍지라이브클럽,"부산광역시 부산진구 개금온정로 6, 지하1층 (개금동, 블루스카이)",부산광역시 부산진구 개금동 198-1 , 
단란주점,코너스톤,"부산광역시 부산진구 부전로 51, 지하1층 (부전동)",부산광역시 부산진구 부전동 514-1 지하1층 , 
단란주점,별밤7080,"부산광역시 부산진구 서면문화로 39, 3층 (부전동)",부산광역시 부산진구 부전동 406-67 , 
단란주점,송학오케이노래주점,"부산광역시 부산진구 가야대로703번길 22, 지하 1층 (당감동)",부산광역시 부산진구 당감동 70-6 , 
단란주점,우정라이브,"부산광역시 부산진구 황령대로74번길 35, 지상2층 (전포동)",부산광역시 부산진구 전포동 379-11 , 051- 807-1211
단란주점,항아리,"부산광역시 부산진구 중앙대로691번가길 23-1, 2층 (부전동)",부산광역시 부산진구 부전동 515-44 , 
단란주점,사라야,"부산광역시 부산진구 서면로 36, 2층 (부전동)",부산광역시 부산진구 부전동 240-4 달성빌딩 , 
단란주점,필,"부산광역시 부산진구 새싹로8번길 10, 2층 (부전동)",부산광역시 부산진구 부전동 260-18 , 
단란주점,청춘,"부산광역시 부산진구 거제대로22번길 21, 지하1층 (양정동)",부산광역시 부산진구 양정동 400-4 , 
단란주점,휴뮤직단란주점,"부산광역시 부산진구 새싹로 283, 운초빌딩 3층 (초읍동)",부산광역시 부산진구 초읍동 292-26 운초빌딩 ,051 -802 -2687
단란주점,블랙펄,"부산광역시 부산진구 신천대로62번길 54, 2층 (부전동)",부산광역시 부산진구 부전동 232-11 , 
단란주점,킹,"부산광역시 부산진구 부전로 34, 1층 (부전동)",부산광역시 부산진구 부전동 524-5 황제주차빌딩 , 
단란주점,쉘부르라이브7080,"부산광역시 부산진구 동평로 73-1, 2층 (당감동)",부산광역시 부산진구 당감동 389 , 
단란주점,아담원단란주점,부산광역시 부산진구 서면로 37 (주)진흥빌딩 3층 (부전동),부산광역시 부산진구 부전동 521-10 (주)진흥빌딩 , 
단란주점,뿌빠노래타운2,"부산광역시 부산진구 서면로 29, 2층 (부전동)",부산광역시 부산진구 부전동 522-49 , 
단란주점,노리터,"부산광역시 부산진구 부전로20번길 44-1, 3층 (부전동)",부산광역시 부산진구 부전동 521-8 , 
단란주점,디올드맨(The Old Man),"부산광역시 부산진구 서면로 23, 6층 602호 (부전동)",부산광역시 부산진구 부전동 522-5 , 
